/var/folders/c_/d6wllyyx16j6thgf7n33jlnc0000gn/T//ai-context-bench-src.0mV8ZW/ai_debate	/var/folders/c_/d6wllyyx16j6thgf7n33jlnc0000gn/T/ai-context-bench-tasks.N5xGTi/0005-resume-hors-traces	without	1
/Users/huy/Documents/Perso/ai_context	/var/folders/c_/d6wllyyx16j6thgf7n33jlnc0000gn/T/ai-context-bench-tasks.N5xGTi/0005-resume-hors-traces	with	1
/Users/huy/Documents/Perso/ai_context	/var/folders/c_/d6wllyyx16j6thgf7n33jlnc0000gn/T/ai-context-bench-tasks.N5xGTi/0005-resume-hors-traces	without	2
/Users/huy/Documents/Perso/ai_context	/var/folders/c_/d6wllyyx16j6thgf7n33jlnc0000gn/T/ai-context-bench-tasks.N5xGTi/0005-resume-hors-traces	without	3
/var/folders/c_/d6wllyyx16j6thgf7n33jlnc0000gn/T//ai-context-bench-src.0mV8ZW/ai_debate	/var/folders/c_/d6wllyyx16j6thgf7n33jlnc0000gn/T/ai-context-bench-tasks.N5xGTi/0005-resume-hors-traces	with	3
/Users/huy/Documents/Perso/ai_context	/var/folders/c_/d6wllyyx16j6thgf7n33jlnc0000gn/T/ai-context-bench-tasks.N5xGTi/0005-resume-hors-traces	with	2
/var/folders/c_/d6wllyyx16j6thgf7n33jlnc0000gn/T//ai-context-bench-src.0mV8ZW/ai_debate	/var/folders/c_/d6wllyyx16j6thgf7n33jlnc0000gn/T/ai-context-bench-tasks.N5xGTi/0005-resume-hors-traces	without	2
/Users/huy/Documents/Perso/ai_context	/var/folders/c_/d6wllyyx16j6thgf7n33jlnc0000gn/T/ai-context-bench-tasks.N5xGTi/0005-resume-hors-traces	without	1
/var/folders/c_/d6wllyyx16j6thgf7n33jlnc0000gn/T//ai-context-bench-src.0mV8ZW/ai_debate	/var/folders/c_/d6wllyyx16j6thgf7n33jlnc0000gn/T/ai-context-bench-tasks.N5xGTi/0005-resume-hors-traces	with	1
/Users/huy/Documents/Perso/ai_context	/var/folders/c_/d6wllyyx16j6thgf7n33jlnc0000gn/T/ai-context-bench-tasks.N5xGTi/0005-resume-hors-traces	with	3
/var/folders/c_/d6wllyyx16j6thgf7n33jlnc0000gn/T//ai-context-bench-src.0mV8ZW/ai_debate	/var/folders/c_/d6wllyyx16j6thgf7n33jlnc0000gn/T/ai-context-bench-tasks.N5xGTi/0005-resume-hors-traces	without	3
/var/folders/c_/d6wllyyx16j6thgf7n33jlnc0000gn/T//ai-context-bench-src.0mV8ZW/ai_debate	/var/folders/c_/d6wllyyx16j6thgf7n33jlnc0000gn/T/ai-context-bench-tasks.N5xGTi/0005-resume-hors-traces	with	2
